{"start": 0, "end": 250, "used": 236, "skipped": 14, "layer_sums": [5321.208670167677, 1140.5473314378437, -4965.229343200312, -5120.550450340321, -5126.650890956251, -5126.639945953838, -5117.8912702668795, -5118.360825080131, -5119.542991730704, -5119.732862848898, -5122.8476287883395, -5125.370727935352, -5126.418348236384, -5126.577829201175, -5127.127254966406, -5126.785839053993, -5125.995932571455, -5125.702347793323, -5125.509135733927, -5126.145174386117, -5125.931321442991, -5125.0364577647315, -5123.993791028874, -5124.209269961823, -5125.216233278914, -5125.794678604967, -5125.965112698141, -5125.875675486886, -5125.63499981843, -5125.438396142575, -5125.143550045882, -5124.822274180725, -5124.81768371091, -5124.641415100706, -5124.465648979526, -5124.268733772811, -5123.930373870186, -5123.357659888167, -5124.111214814568, -5124.169638686919, -5125.918767936491, -5126.278502132701, -5126.887654224801, -5126.927325251884, -5126.832539374469, -5126.8833195792595, -5126.938656383883, -5126.909489865735], "layer_counts": [236, 236, 236, 236, 236, 236, 236, 236, 236, 236, 236, 236, 236, 236, 236, 236, 236, 236, 236, 236, 236, 236, 236, 236, 236, 236, 236, 236, 236, 236, 236, 236, 236, 236, 236, 236, 236, 236, 236, 236, 236, 236, 236, 236, 236, 236, 236, 236]}