{"start": 250, "end": 500, "used": 237, "skipped": 13, "layer_sums": [5093.436404330449, 2811.8196887825097, -3909.2267238855084, -5140.955371232009, -5148.211791105835, -5132.66169954696, -5140.254574660101, -5142.785048228375, -5146.916600992264, -5147.711636401124, -5145.999862044816, -5144.729990858353, -5143.256109279351, -5142.964838125924, -5146.942865957949, -5147.837184157936, -5145.646970538385, -5142.4940564260505, -5143.967561076322, -5145.911222901859, -5145.368614349173, -5143.427234243523, -5143.145451654234, -5144.072798937991, -5146.420265575904, -5147.449094310805, -5147.582332445569, -5147.525460657712, -5147.31463283708, -5147.206704505745, -5146.992206115687, -5146.774187544973, -5146.7340352799965, -5146.647611316069, -5146.702340899845, -5146.667691335182, -5146.646890584229, -5146.4511171138265, -5146.773280940418, -5146.705978487634, -5147.633284801243, -5147.660599711631, -5147.884672323175, -5147.927167030213, -5147.8066387956, -5147.78677772268, -5147.754895874333, -5147.680121607612], "layer_counts": [237, 237, 237, 237, 237, 237, 237, 237, 237, 237, 237, 237, 237, 237, 237, 237, 237, 237, 237, 237, 237, 237, 237, 237, 237, 237, 237, 237, 237, 237, 237, 237, 237, 237, 237, 237, 237, 237, 237, 237, 237, 237, 237, 237, 237, 237, 237, 237]}