{"start": 750, "end": 1000, "used": 232, "skipped": 18, "layer_sums": [5678.206745653218, 373.5053323479628, -8986.452696333201, -9614.214807185988, -9616.416631650742, -9615.458411000724, -9610.905079412436, -9598.112196100185, -9586.870961123443, -9604.453988740714, -9615.028895748752, -9610.242914046752, -9609.572729623922, -9614.607866709199, -9616.60880254729, -9615.836207658798, -9614.823556582614, -9613.853927538128, -9613.761042593354, -9613.963389393643, -9612.969384848459, -9612.747882651054, -9614.147629299434, -9614.596803205442, -9614.725974111721, -9614.58381127346, -9614.275615757397, -9614.03932207574, -9613.747926871709, -9613.403396440268, -9612.921625138559, -9612.466482612193, -9612.255977561323, -9612.284053400876, -9612.603265982694, -9612.564666835795, -9612.517807923077, -9612.420715096028, -9613.053146614593, -9613.245524319575, -9614.707358624906, -9614.872295820865, -9615.301578280449, -9615.359943522051, -9615.322388803817, -9615.396856904179, -9615.413950575112, -9615.381959604234], "layer_counts": [232, 232, 232, 232, 232, 232, 232, 232, 232, 232, 232, 232, 232, 232, 232, 232, 232, 232, 232, 232, 232, 232, 232, 232, 232, 232, 232, 232, 232, 232, 232, 232, 232, 232, 232, 232, 232, 232, 232, 232, 232, 232, 232, 232, 232, 232, 232, 232]}