{"start": 500, "end": 750, "used": 234, "skipped": 16, "layer_sums": [4515.942900773172, 923.2342841372331, -7923.985269032228, -8849.001469948158, -8865.244817572471, -8858.573416849968, -8817.251741943885, -8849.226576484794, -8844.102299958146, -8856.864726921107, -8863.105928976716, -8862.704733153943, -8859.63361479266, -8862.390559928861, -8863.37767003795, -8862.2959346603, -8861.45174974113, -8859.736923135784, -8858.370210239316, -8854.614499222173, -8852.18557000569, -8851.966931533743, -8852.23793738981, -8852.473142000465, -8853.990566871313, -8855.942911540276, -8856.904104144227, -8857.184513287562, -8857.428254488037, -8857.991102669856, -8858.801850726979, -8859.630753856463, -8860.338240176292, -8860.780890363028, -8861.133252684505, -8861.259364782667, -8861.27802339961, -8861.356389648794, -8862.053400149693, -8862.069115458322, -8863.612671224239, -8863.86704448307, -8864.587705132315, -8864.728023763215, -8864.694307995807, -8864.723145603131, -8864.709170855504, -8864.672350845574], "layer_counts": [234, 234, 234, 234, 234, 234, 234, 234, 234, 234, 234, 234, 234, 234, 234, 234, 234, 234, 234, 234, 234, 234, 234, 234, 234, 234, 234, 234, 234, 234, 234, 234, 234, 234, 234, 234, 234, 234, 234, 234, 234, 234, 234, 234, 234, 234, 234, 234]}